{"cameraMode":{"drawMode":0,"name":"Shaded","section":"Shading Mode"},"sceneLighting":false,"audioPlay":false,"sceneViewState":{"showFog":true,"showMaterialUpdate":false,"showSkybox":true,"showFlares":true,"showImageEffects":true,"showParticleSystems":true},"in2DMode":false,"pivot":{"x":0.06900426745414734,"y":0.7512780427932739,"z":0.0},"rotation":{"x":0.27042141556739809,"y":0.0663643404841423,"z":-0.018688809126615526,"w":0.9602702260017395},"size":4.952690601348877,"orthographic":false}